sepal_length,sepal_width,petal_length,petal_width,species,id,target,event_timestamp
5.1,3.5,1.4,0.2,setosa,0,0,2026-06-27 17:46:26.917756
4.9,3.0,1.4,0.2,setosa,1,0,2026-06-27 17:46:26.917756
4.7,3.2,1.3,0.2,setosa,2,0,2026-06-27 17:46:26.917756
4.6,3.1,1.5,0.2,setosa,3,0,2026-06-27 17:46:26.917756
5.0,3.6,1.4,0.2,setosa,4,0,2026-06-27 17:46:26.917756
5.4,3.9,1.7,0.4,setosa,5,0,2026-06-27 17:46:26.917756
4.6,3.4,1.4,0.3,setosa,6,0,2026-06-27 17:46:26.917756
5.0,3.4,1.5,0.2,setosa,7,0,2026-06-27 17:46:26.917756
4.4,2.9,1.4,0.2,setosa,8,0,2026-06-27 17:46:26.917756
4.9,3.1,1.5,0.1,setosa,9,0,2026-06-27 17:46:26.917756
5.4,3.7,1.5,0.2,setosa,10,0,2026-06-27 17:46:26.917756
4.8,3.4,1.6,0.2,setosa,11,0,2026-06-27 17:46:26.917756
4.8,3.0,1.4,0.1,setosa,12,0,2026-06-27 17:46:26.917756
4.3,3.0,1.1,0.1,setosa,13,0,2026-06-27 17:46:26.917756
5.8,4.0,1.2,0.2,setosa,14,0,2026-06-27 17:46:26.917756
5.7,4.4,1.5,0.4,setosa,15,0,2026-06-27 17:46:26.917756
5.4,3.9,1.3,0.4,setosa,16,0,2026-06-27 17:46:26.917756
5.1,3.5,1.4,0.3,setosa,17,0,2026-06-27 17:46:26.917756
5.7,3.8,1.7,0.3,setosa,18,0,2026-06-27 17:46:26.917756
5.1,3.8,1.5,0.3,setosa,19,0,2026-06-27 17:46:26.917756
5.4,3.4,1.7,0.2,setosa,20,0,2026-06-27 17:46:26.917756
5.1,3.7,1.5,0.4,setosa,21,0,2026-06-27 17:46:26.917756
4.6,3.6,1.0,0.2,setosa,22,0,2026-06-27 17:46:26.917756
5.1,3.3,1.7,0.5,setosa,23,0,2026-06-27 17:46:26.917756
4.8,3.4,1.9,0.2,setosa,24,0,2026-06-27 17:46:26.917756
5.0,3.0,1.6,0.2,setosa,25,0,2026-06-27 17:46:26.917756
5.0,3.4,1.6,0.4,setosa,26,0,2026-06-27 17:46:26.917756
5.2,3.5,1.5,0.2,setosa,27,0,2026-06-27 17:46:26.917756
5.2,3.4,1.4,0.2,setosa,28,0,2026-06-27 17:46:26.917756
4.7,3.2,1.6,0.2,setosa,29,0,2026-06-27 17:46:26.917756
4.8,3.1,1.6,0.2,setosa,30,0,2026-06-27 17:46:26.917756
5.4,3.4,1.5,0.4,setosa,31,0,2026-06-27 17:46:26.917756
5.2,4.1,1.5,0.1,setosa,32,0,2026-06-27 17:46:26.917756
5.5,4.2,1.4,0.2,setosa,33,0,2026-06-27 17:46:26.917756
4.9,3.1,1.5,0.2,setosa,34,0,2026-06-27 17:46:26.917756
5.0,3.2,1.2,0.2,setosa,35,0,2026-06-27 17:46:26.917756
5.5,3.5,1.3,0.2,setosa,36,0,2026-06-27 17:46:26.917756
4.9,3.6,1.4,0.1,setosa,37,0,2026-06-27 17:46:26.917756
4.4,3.0,1.3,0.2,setosa,38,0,2026-06-27 17:46:26.917756
5.1,3.4,1.5,0.2,setosa,39,0,2026-06-27 17:46:26.917756
5.0,3.5,1.3,0.3,setosa,40,0,2026-06-27 17:46:26.917756
4.5,2.3,1.3,0.3,setosa,41,0,2026-06-27 17:46:26.917756
4.4,3.2,1.3,0.2,setosa,42,0,2026-06-27 17:46:26.917756
5.0,3.5,1.6,0.6,setosa,43,0,2026-06-27 17:46:26.917756
5.1,3.8,1.9,0.4,setosa,44,0,2026-06-27 17:46:26.917756
4.8,3.0,1.4,0.3,setosa,45,0,2026-06-27 17:46:26.917756
5.1,3.8,1.6,0.2,setosa,46,0,2026-06-27 17:46:26.917756
4.6,3.2,1.4,0.2,setosa,47,0,2026-06-27 17:46:26.917756
5.3,3.7,1.5,0.2,setosa,48,0,2026-06-27 17:46:26.917756
5.0,3.3,1.4,0.2,setosa,49,0,2026-06-27 17:46:26.917756
7.0,3.2,4.7,1.4,versicolor,50,1,2026-06-27 17:46:26.917756
6.4,3.2,4.5,1.5,versicolor,51,1,2026-06-27 17:46:26.917756
6.9,3.1,4.9,1.5,versicolor,52,1,2026-06-27 17:46:26.917756
5.5,2.3,4.0,1.3,versicolor,53,1,2026-06-27 17:46:26.917756
6.5,2.8,4.6,1.5,versicolor,54,1,2026-06-27 17:46:26.917756
5.7,2.8,4.5,1.3,versicolor,55,1,2026-06-27 17:46:26.917756
6.3,3.3,4.7,1.6,versicolor,56,1,2026-06-27 17:46:26.917756
4.9,2.4,3.3,1.0,versicolor,57,1,2026-06-27 17:46:26.917756
6.6,2.9,4.6,1.3,versicolor,58,1,2026-06-27 17:46:26.917756
5.2,2.7,3.9,1.4,versicolor,59,1,2026-06-27 17:46:26.917756
5.0,2.0,3.5,1.0,versicolor,60,1,2026-06-27 17:46:26.917756
5.9,3.0,4.2,1.5,versicolor,61,1,2026-06-27 17:46:26.917756
6.0,2.2,4.0,1.0,versicolor,62,1,2026-06-27 17:46:26.917756
6.1,2.9,4.7,1.4,versicolor,63,1,2026-06-27 17:46:26.917756
5.6,2.9,3.6,1.3,versicolor,64,1,2026-06-27 17:46:26.917756
6.7,3.1,4.4,1.4,versicolor,65,1,2026-06-27 17:46:26.917756
5.6,3.0,4.5,1.5,versicolor,66,1,2026-06-27 17:46:26.917756
5.8,2.7,4.1,1.0,versicolor,67,1,2026-06-27 17:46:26.917756
6.2,2.2,4.5,1.5,versicolor,68,1,2026-06-27 17:46:26.917756
5.6,2.5,3.9,1.1,versicolor,69,1,2026-06-27 17:46:26.917756
5.9,3.2,4.8,1.8,versicolor,70,1,2026-06-27 17:46:26.917756
6.1,2.8,4.0,1.3,versicolor,71,1,2026-06-27 17:46:26.917756
6.3,2.5,4.9,1.5,versicolor,72,1,2026-06-27 17:46:26.917756
6.1,2.8,4.7,1.2,versicolor,73,1,2026-06-27 17:46:26.917756
6.4,2.9,4.3,1.3,versicolor,74,1,2026-06-27 17:46:26.917756
6.6,3.0,4.4,1.4,versicolor,75,1,2026-06-27 17:46:26.917756
6.8,2.8,4.8,1.4,versicolor,76,1,2026-06-27 17:46:26.917756
6.7,3.0,5.0,1.7,versicolor,77,1,2026-06-27 17:46:26.917756
6.0,2.9,4.5,1.5,versicolor,78,1,2026-06-27 17:46:26.917756
5.7,2.6,3.5,1.0,versicolor,79,1,2026-06-27 17:46:26.917756
5.5,2.4,3.8,1.1,versicolor,80,1,2026-06-27 17:46:26.917756
5.5,2.4,3.7,1.0,versicolor,81,1,2026-06-27 17:46:26.917756
5.8,2.7,3.9,1.2,versicolor,82,1,2026-06-27 17:46:26.917756
6.0,2.7,5.1,1.6,versicolor,83,1,2026-06-27 17:46:26.917756
5.4,3.0,4.5,1.5,versicolor,84,1,2026-06-27 17:46:26.917756
6.0,3.4,4.5,1.6,versicolor,85,1,2026-06-27 17:46:26.917756
6.7,3.1,4.7,1.5,versicolor,86,1,2026-06-27 17:46:26.917756
6.3,2.3,4.4,1.3,versicolor,87,1,2026-06-27 17:46:26.917756
5.6,3.0,4.1,1.3,versicolor,88,1,2026-06-27 17:46:26.917756
5.5,2.5,4.0,1.3,versicolor,89,1,2026-06-27 17:46:26.917756
5.5,2.6,4.4,1.2,versicolor,90,1,2026-06-27 17:46:26.917756
6.1,3.0,4.6,1.4,versicolor,91,1,2026-06-27 17:46:26.917756
5.8,2.6,4.0,1.2,versicolor,92,1,2026-06-27 17:46:26.917756
5.0,2.3,3.3,1.0,versicolor,93,1,2026-06-27 17:46:26.917756
5.6,2.7,4.2,1.3,versicolor,94,1,2026-06-27 17:46:26.917756
5.7,3.0,4.2,1.2,versicolor,95,1,2026-06-27 17:46:26.917756
5.7,2.9,4.2,1.3,versicolor,96,1,2026-06-27 17:46:26.917756
6.2,2.9,4.3,1.3,versicolor,97,1,2026-06-27 17:46:26.917756
5.1,2.5,3.0,1.1,versicolor,98,1,2026-06-27 17:46:26.917756
5.7,2.8,4.1,1.3,versicolor,99,1,2026-06-27 17:46:26.917756
6.3,3.3,6.0,2.5,virginica,100,2,2026-06-27 17:46:26.917756
5.8,2.7,5.1,1.9,virginica,101,2,2026-06-27 17:46:26.917756
7.1,3.0,5.9,2.1,virginica,102,2,2026-06-27 17:46:26.917756
6.3,2.9,5.6,1.8,virginica,103,2,2026-06-27 17:46:26.917756
6.5,3.0,5.8,2.2,virginica,104,2,2026-06-27 17:46:26.917756
7.6,3.0,6.6,2.1,virginica,105,2,2026-06-27 17:46:26.917756
4.9,2.5,4.5,1.7,virginica,106,2,2026-06-27 17:46:26.917756
7.3,2.9,6.3,1.8,virginica,107,2,2026-06-27 17:46:26.917756
6.7,2.5,5.8,1.8,virginica,108,2,2026-06-27 17:46:26.917756
7.2,3.6,6.1,2.5,virginica,109,2,2026-06-27 17:46:26.917756
6.5,3.2,5.1,2.0,virginica,110,2,2026-06-27 17:46:26.917756
6.4,2.7,5.3,1.9,virginica,111,2,2026-06-27 17:46:26.917756
6.8,3.0,5.5,2.1,virginica,112,2,2026-06-27 17:46:26.917756
5.7,2.5,5.0,2.0,virginica,113,2,2026-06-27 17:46:26.917756
5.8,2.8,5.1,2.4,virginica,114,2,2026-06-27 17:46:26.917756
6.4,3.2,5.3,2.3,virginica,115,2,2026-06-27 17:46:26.917756
6.5,3.0,5.5,1.8,virginica,116,2,2026-06-27 17:46:26.917756
7.7,3.8,6.7,2.2,virginica,117,2,2026-06-27 17:46:26.917756
7.7,2.6,6.9,2.3,virginica,118,2,2026-06-27 17:46:26.917756
6.0,2.2,5.0,1.5,virginica,119,2,2026-06-27 17:46:26.917756
6.9,3.2,5.7,2.3,virginica,120,2,2026-06-27 17:46:26.917756
5.6,2.8,4.9,2.0,virginica,121,2,2026-06-27 17:46:26.917756
7.7,2.8,6.7,2.0,virginica,122,2,2026-06-27 17:46:26.917756
6.3,2.7,4.9,1.8,virginica,123,2,2026-06-27 17:46:26.917756
6.7,3.3,5.7,2.1,virginica,124,2,2026-06-27 17:46:26.917756
7.2,3.2,6.0,1.8,virginica,125,2,2026-06-27 17:46:26.917756
6.2,2.8,4.8,1.8,virginica,126,2,2026-06-27 17:46:26.917756
6.1,3.0,4.9,1.8,virginica,127,2,2026-06-27 17:46:26.917756
6.4,2.8,5.6,2.1,virginica,128,2,2026-06-27 17:46:26.917756
7.2,3.0,5.8,1.6,virginica,129,2,2026-06-27 17:46:26.917756
7.4,2.8,6.1,1.9,virginica,130,2,2026-06-27 17:46:26.917756
7.9,3.8,6.4,2.0,virginica,131,2,2026-06-27 17:46:26.917756
6.4,2.8,5.6,2.2,virginica,132,2,2026-06-27 17:46:26.917756
6.3,2.8,5.1,1.5,virginica,133,2,2026-06-27 17:46:26.917756
6.1,2.6,5.6,1.4,virginica,134,2,2026-06-27 17:46:26.917756
7.7,3.0,6.1,2.3,virginica,135,2,2026-06-27 17:46:26.917756
6.3,3.4,5.6,2.4,virginica,136,2,2026-06-27 17:46:26.917756
6.4,3.1,5.5,1.8,virginica,137,2,2026-06-27 17:46:26.917756
6.0,3.0,4.8,1.8,virginica,138,2,2026-06-27 17:46:26.917756
6.9,3.1,5.4,2.1,virginica,139,2,2026-06-27 17:46:26.917756
6.7,3.1,5.6,2.4,virginica,140,2,2026-06-27 17:46:26.917756
6.9,3.1,5.1,2.3,virginica,141,2,2026-06-27 17:46:26.917756
5.8,2.7,5.1,1.9,virginica,142,2,2026-06-27 17:46:26.917756
6.8,3.2,5.9,2.3,virginica,143,2,2026-06-27 17:46:26.917756
6.7,3.3,5.7,2.5,virginica,144,2,2026-06-27 17:46:26.917756
6.7,3.0,5.2,2.3,virginica,145,2,2026-06-27 17:46:26.917756
6.3,2.5,5.0,1.9,virginica,146,2,2026-06-27 17:46:26.917756
6.5,3.0,5.2,2.0,virginica,147,2,2026-06-27 17:46:26.917756
6.2,3.4,5.4,2.3,virginica,148,2,2026-06-27 17:46:26.917756
5.9,3.0,5.1,1.8,virginica,149,2,2026-06-27 17:46:26.917756
5.1,3.5,1.4,0.2,setosa,150,0,2026-06-27 17:46:26.917756
4.9,3.0,1.4,0.2,setosa,151,0,2026-06-27 17:46:26.917756
4.7,3.2,1.3,0.2,setosa,152,0,2026-06-27 17:46:26.917756
4.6,3.1,1.5,0.2,setosa,153,0,2026-06-27 17:46:26.917756
5.0,3.6,1.4,0.2,setosa,154,0,2026-06-27 17:46:26.917756
5.4,3.9,1.7,0.4,setosa,155,0,2026-06-27 17:46:26.917756
4.6,3.4,1.4,0.3,setosa,156,0,2026-06-27 17:46:26.917756
5.0,3.4,1.5,0.2,setosa,157,0,2026-06-27 17:46:26.917756
4.4,2.9,1.4,0.2,setosa,158,0,2026-06-27 17:46:26.917756
4.9,3.1,1.5,0.1,setosa,159,0,2026-06-27 17:46:26.917756
